ID,Text,binary_label
row_0,همين امروز خيلي ناجور از دستم افتاد،  ولي مثل روز اول کار مي کنه!,1
row_1,واقعا خیلی خوبه ممنون طاقچه آدم موقع خوندن غرق داستان کتاب میشه واقعا قشنگه,1
row_2,حال اگر مالک قصد تهيه کيف براي گوشي داشته باشه کيفي خواهد داشت که از پشتي از دو ناحيه سوراخ است و نماي بسيار بدي ايجاد مي کند.,0
row_3,اصلا فیله مرغ نبود خیلى بد بود,0
row_4,اوه چه قدر نظر هههههههه,0
row_5,"آقای روحانی عصبانی شده از حرفهای مناظره و گفته باید با راستی و درستی با مردم صحبت کنیم!
و اما بخشی از راستی و درستی حسن روحانی:
- آنچنان درآمد سرشار و رونق اقتصادی درست کنم
-احترام را به پاسپورت ایرانی برمیگردانم
- تحریمها یکباره لغو میشوند
-همه چیز را به بورس بسپارید
#دوپینگ",0
row_6,بهترین هات داگی که خوردم مال شیلا بوده عالیه,1
row_7,قشنگ بود,1
row_8,حیف که یک سری سفارش دادم!!!,1
row_9,"۳٫ پشتيباني کامل از سايه‌زني نسخه ۳ براي پردازش بازي‌هاي جديد

۴٫ قابليت پردازش ۴۸ ميليارد دستورالعمل سايه‌زني در ثانيه که توان پردازشي چشم‌گيري را در اجراي بازي‌ها به وجود مي‌آورد.",1
row_10,خیلی ناراضیم ازش همون اوایل دوبار فرستادمش برای تعمیر و هیچ وقت هم اساسی تعمیر نشد نمایندگی مجاز هم نتونست تعمیرش کنه هیچ وقت نخرید هیچ وقت ,0
row_11,پلی استیشن 4 پرو به همراه بازی Call Od Duty ,1
row_12,از کودکی به کرد و کردستان علاقه داشتم  از بس که فقط ازشون صفات و رفتار خوب دیدم و شنیدم  ,1
row_13,سلام اقا فهمیدم . میدونین اون سایه ای که میوفته زمان ورود ب بازیاس و اون سایه همون نوار اعلانه ک تو بازی معلومه پس این مشگلی نداره . و اگرم چنین مشگلی ور دارین ب نمایندگی معتبر الجی برینو رایگان درستش کنین من این مطلبو از یه نفر پرسیدم ک ایا درسته این سایه و بهم نشونش داد . لذت ببرین از این موبایل,1
row_14,وافلش یکم سفت بودبا چاقو برش نمیخورد ولی خیلی خوشمزه بود بسته بندی تمیز و‌مرتب,1
row_15,دم‌تون گرم  ,1
row_16,عزیزی که میگی از داغ کردن دستگاه خبری نیست ....کافیه دوماه با دستگاه کار کنید تا بفهمید بعد از دو ساعت کار کردن دستگاه داغ میکنه! اکثر تبلت های نسل جدید سامسونگ یکی دو ماه اول کارشون همینجورین اما بعدها دچار مشکل میشن!,0
row_17,سفارش دادم هنوز به دستم نرسیده با توجه به نقد بد نیست البته اگه دیجی کالا ارسال ش کنه نقد هم میزارم ,0
row_18,در صورتي که گوشي در يک جاي ثابت قرار بگيره و هيچ لرزشي نداشته باشه فيلهايي با روزولوشن 480×640 را مي تونيد ثبت کنيد که آدم رو ياد گوشهاي 2 مگاپيکسلي مي اندازد ولي اگر در حال حرکت فيلم برداري کنيد اونوقت اوضاع تغيير مي کند و فيلهاي گرفته شده تار مي شوند که قابل ديدن نيست.,0
row_19,بنابراین،  مایکروسافت کاربران را راحت نموده و نوید تایپ با صفحه کلید را بر روی این تبلت به کاربران داده است.,1
row_20,کاش دوربینش حداقل درحد p8 بود,0
row_21,"بادقت بخوانید
♦واکنش صریح رهبر انقلاب به فایل صوتی ظریف
🔹از برخی از مسئولان حرف هایی زده شده که مایه تاسف است.
رسانه های دشمن این حرف هارا پخش کردند.
بعضی از این حرف،تکرار حرف های خصمانه آمریکایی هاست.
🔹آمریکایی ها سال هااز شهید سلیمانی و نفوذ در منطقه ناراحت بودند
#صوت‌ظریف",0
row_22,"طوری که شرکت ها و استارت آپ های ایرانی (#اسنپ_تریپ ) بحران کرونا رو مدیریت کردن (تعدیل و تعلیق حداکثری کارمنداشون) با تمام وجود بابت تک تک لحظاتی که براش وقت گذاشتی به خودت فحش میدی ...
این هم نحوه عبور از بحران به سبک Airbnb: نصف شدن حقوق مدیران ارشد
www.link.com",1
row_23,به نظرم کیفیت خوبی ندارد من دو هفته است خریدم عملا بلا استفاده است  ارتباط 3 5 و 2 5 همراه آن هم اصلا کیفیت خوبی نداشت در اولین بار استفاده شکست  وبا چسب و   درستش کردیم  ,0
row_24,وقتی که به گذشته می پردازید تنها کاری که انجام می دهید تجدید دیدار با بدبختی هاست. ویلیام_گلاسر,0
row_25,"صلح یک روزی آمدنی است، اگر چه دنیا نخواهد.
#StopAfghanWar https://t.co/WltEOPvJVq",1
row_26,از نظر ابعاد و زیبایی عالیه لطفا هرچه زودتر موجودش کنید … ,1
row_27,من تقریبا یک هفته هست که این گوشی رو خریدم   در کل بد نیست ، از لحاظ ظاهری بی نظیره!!! شبیه اثر هنری میمونه اما به نظر میرسه در مقابل ضربه حساس و آسیب پذیر باشه . سرعت عملکرد گوشی خوبه اما نمی دونم چرا کل رم 3.5 گیگ نشودن داده شده که تازه 2 گیگ از اون هم همیشه مشغول هستش اما در عمل خیلی خوب و سریع کار می کنه ! در مورد دکمه هوم هم باید بگم که ، به نظر آسیب پذیر میرسه اما در واقع شما نیازی به این دکمه ندارید !! فوق فوقش آدم بخواد برنامه ای رو ببنده از دکمه بک یا اون یکی استفاده میکنه . کیفیت تصویر فوق العاده است و دوربین هم عالیه !!  در کل : از خرید این گوشی پشیمون نمی شید خیالتون راحت,1
row_28,"جهانگیری گفته شبی که رد صلاحیت شدم تو خونه مون جشن بوده،😅
برای جبران ۸ سال تنبلی وبی تدبیری لیبرالها و نجات کشور از تَکرار زجرآور افسادیون،من هم مثل تمام ایرانیهای وطن دوست،#رای_میدهم
#ما_منتظر_انتخاباتیم https://t.co/WtAQzG9Nf9",1
row_29,وای فرزانه تو رو خدا میترسم. ,0
row_30,کتابای تخصصی دانشگا اینقد گرون نیسن که این گرونه .خاهشا تخفیف..,0
row_31,سایز بزرگ سفارش دادم ولی سایز متوسط بود نه بزرگ,0
row_32,من اين تبلت رو دارم واقعاً عاليه از نظر سرعت و باز شدن صفحات تکه  از نظر امنيت و وارد شدن بهش هم حرف نداره,1
row_33,من این سری رو از دیجی گرفتم 3تا از اونا رو استفاده کردم و هر سه تاش توی اولین استفاده خورد شد و کارم هم راه نیفتاد اصلا پیشنهاد نمیکنم بااینکه برند بوش هست و روی خودِ مته هم حک شده اما متاسفانه اصلا مرغوبیت نداره   ,0
row_34,هزار سال است که دوستت دارم ، به تر و تازگیِ روز نخست ... #مخاطب_خاص,1
row_35,دليل من داغ شدن اون هست و البته داغ شدن سيستم بعد از حدود يک ساعت و خورده اي بازي !,0
row_36,سلام من سه هفته ای هست که این مدل رو خریدم برای انجام کارهای سبک و روزمره عالیه کم صداست و نسبت به قیمتش میارزه واقعا برای بازی هم جواب میده حتمن پیشنهاد میکنم ,1
row_37,دوربين 12 يون اصلا با خيلي از 8 مگاپيکسلي هاي موجود قابل مقايسه نيست، چه عکس چه فيلم!,0
row_38,"اگر خوب کار کرده باشیم، خداوند از جایی که فکرش را نمیکنیم رزق خوب به ما میدهد.
#من_رأی_میدهم https://t.co/m5EkmoK1pi",1
row_39,) که با انتخاب آن‌ها،  برنامه مورد به صورت کوچک شده اجرا می‌شود و شما می‌تواند همزمان با کارهای دیگر،  همیشه این برنامه را بر روی صفحه خود همراه داشته باشید.,1
row_40,همسرتون توییتر نداره این تویتت رو به بینه ؟ ,0
row_41,دو نفر با یه نفر سخته خو ,0
row_42,یکساله خریدم نه از دی جی از بازار خریدم کیفیت خوبی داره  باریکه شیکه قابلیت هاشم به نسبت قیمت خوبه فقط صفحه ال ای دی خیلی حساسه بهتره یه صفحه نمایش دحد صد هزارتومان براش بگیرید به هیچ عنوان در کیفیتش اثری نداره و نور هم منعکس نمیشه ,1
row_43,سلام و عرض خسته نباشید به شرکت دیجی کالا...  من مدتی هست که منتظر موجود کردن این کالا هستم.  ممنون میشم که مدل ترازو BG55 در لیست فروش قرار بدید و به نظر من خیلی ها در انتظار این دستگاه شیک و با قیمت مناسب هستن.  با تشکر.,1
row_44,تو سرمای استخون سوز شهرم با برفی که نمه نمه می بارید؛توی مدرسه با معلم پسرم چند دقیقه کار داشتم،اومدم میبینم فسقلم با چند تا از دوستاش با یه پاکت آبمیوه لِه شده دارن فوتبال بازی میکننآخ که چقدر انرژی دارن،چقدر دنیای کودکانه شون شاد و نابه،چقدر دلم میخواد جاش باشم,1
row_45,هنوز #ارزشی های خائن و وطن فروش شروع به خوشحالی و پایکوبی نکردن بعد از خبر #تحریم_ظریف www.link.com,0
row_46,"QM محترم چرا باید تشویقی را مدت مکالمه کارشناس بذاری که مشترک ناراضی باشه از راهنمایی‌های کارشناس ؟!
#2020 #خدمات_همراه_اول 👎🏻",0
row_47,از لحاظ سرعت و قدرت پردازنده وکارت گرافیک و        خیلی عالیه من دهها نرم افزار طراحی سه بعدی و گرافیکی و برنامه نویسی روش نصب کردم و بدون مشکل داره واسم کار میکنه   مشکل اصلی این مدل کیفیت بد صفحه نمایشه  ولی در کل از خریدم راضی ام  ,1
row_48,من عادت دارم حتی ساعت یک شبم که باشه وقتی حالم خوب نیست آهنگو با صدای بلند تو خونه بدون هندزفری تو تاریکی گوش بدم:) الان دلم میخواس میتونستم نامجو رو بغل کنم! کاش اینستا مثل توییتر بود میشد هر لحظه هر چیزی که دلت خواست رو بنویسی دارم عاشق توییتر میشم:),1
row_49,کیفیت دید از زاویه هم بهترین است.,1
row_50,به هر صورت همان‌طور که گفتیم،  DV300F علاوه بر نمایشگر دوم و Wi-Fi داخلی که به آن‌ها مجهز است،  در کل دوربین بسیار کوچک، بسیار باریک، بسیار سبک، مستحکم و خوش ساختی است.,1
row_51,با آرزوی موفقیت و پیروزی #all_for_teammeli #ایران #جام_جهانی_۲۰۱۸ #بورس #سهام #ده_درصد,1
row_52,عالیه ازهرلحاظ قدرتمنده ,1
row_53,کتاب خیلی خوبیه ولی متاسفانه طاقچه همه تصاویر کتاب رو حذف کرده. نویسنده بسیاری از مطالب نوروساینس رو با ارجاع به تصاویر توضیح داده.,0
row_54,خیلی جالبه الان که اینترنت تو ایران قطع شده رباتایی که از خارج هدایت میشدن انلاین نیست !! قابل توجه ماله کشا و اصلاح طلبا و حرومزاده ها! لعنت بهت جمهوری اسلامی #Iranprotets #TwitterBanKhamenei,1
row_55,"بعد از حادثه مکتب و کشته شدن کودکان چیزی که از همه آزار دهنده‌تر بود دیدن کامنت فیسبوک کسانی بود که از ای حادثه یا احساس رضایت داشتن یا به نحوی حادثه را توجیح میکردند.
یعنی یک انسان چقدر باید بی رحم و سنگدل باشه که از کشته شدن ده‌ها کودک احساس شادی کند.
 #StopHazaraGenocide",1
row_56,چرا روی جنس قیمت ۱۸۹۵۰ است ولی قیمت سایت ۲۴۹۵۰. است!!!!!,0
row_57,"چه زیبا باشد آیت الله رئیسی خادم امام هشتم
در هشتمین روز دهه کرامت ، هشتمین رئیس جمهور ایران شود و جشن میلاد با سعادت امام هشتم؏ و خادمش را باهم بگیریم ...

-به امید پیروزی✌️🏻
#کاندیدای_اجماع_ملی
#رئیسی",1
row_58,"صدای راوی افتضاحه
صدای بد و فاقد تکنیک گویندگی به طوریکه به زور می تونید گوش بدید ولی کتاب خوبی هست",0
row_59,"منطقت رو گاییدم #اخوند
#کرونا www.link.com",1
row_60,"New photo posted in سرمایه گذاری در مسکن و املاک تهران: '🔴🔴🔴
#فروش
۱۰۳متر
کف سنگ آنتیک
طبقه ۳
۲خواب
کمد دیواری
 نورگیر عالی
 بسیار خوش نقش
پارکینگ+ انباری
دسترسی عالی
کد:⏪s42291⏩
💰قیمت:850,000,000
📱۰۹۳۶۳۲۷۲۸۲۳آذرمهد
☎️۴۴۷۳۳۳۲۰املاک صدف
@username' www.link.com",1
row_61,با قیمت عالی از دیجیکالا خریدم.بسیار راضی هستم هم سبک و شیکه توصیه میکنم حتما بگیرید,1
row_62,"...بیشتر از ماسک #ویروس از طریق سطوح منتقل میشه(مثل سطح کت) یا مثلا اگر کسی به این اقا دست بده و بزنه ب صورتش (یا هرسطح مخاطی دیگ مثل چشم و...) ممکنه مبتلا بشه چرا که کرونا بین 2 تا 14 روز میتونه تو بدن فرد مبتلا مخفی بشه! نکته بعد امار دروغ 50 نفر کشته این فرد تو قمه...
(2/4)",1
row_63,"تحریم کنندگان #انتخابات هروقت متوجه شدین دموکراسی یعنی هرکس حق داره ازادنه در انتخابات شرکت کنه یا نکنه
بعد بیاین حرف بزنید
فعلا فحش میدین باریکلا",0
row_64,من گوشي رو تا روشن کردم پيام آپديت داد که نشون ميده ساپورت نرم افزاري خوبي هم داره .,1
row_65,سلام -درود بر شرف شما,1
row_66,سیب زمینی بیات بود مرغ بوی ضخم میداد اصلا راضی نبودم,0
row_67,یه دو روز سایه‌ام بالا سرتون نبودا، کارتون به دادگاه کشید؟!,0
row_68,سلام من اين پرينترو از يه نمايندگي  hp گرفتم و بدون گارانتي متاسفانه 3 ماه بعد از استفاده هدش سوخت و کلا دستگاه بدون استفاده شد ، هدش رو با کلي درد سر گير آوردم ولي قيمتش نصف قيمت دستگاه بود و از خريدش منصرف شدم و الان فقط اسکنش کار ميکنه پيشنهاد ميکنم پرينتر ليزري بخرين ممکن وقت خريد پول بيشتري رو پرداخت کنين ولي خيالتون از خيلي از جهات راحت ميشه.,0
row_69,"ماکه هرچی به این دوقلوها میگیم نزدیک هم نشید باز گوش نمیکنن انگار کش دارن ،جداشون میکنی باز میبینی بهم رسیدن.آخه یکیشون سرماخوردگی داره.
#همه_باهم_علیه_کرونا www.link.com",0
row_70,کاش مثل s5  ضد اب بود,0
row_71,#مهدی‌جان شب جمعه است، بیاحال مرا بهترکن فکر دلواپسیِ قلب منه مضطر کن این‌شب‌جمعه اگرمقصدتوکرببلاست نزد ارباب دعایی به منه نوکر کن ,0
row_72,درود به شرفتان که برای آزادی خودتان تلاش میکید #AlternativeIsPahlavi,1
row_73,ساخت ایران ولی خیلی خوبه ,1
row_74,من حدودا 2 ماه پیش این ادوتویلت را از دیجیکالا خریدم. از دیجیکالا متشکرم که بعد از 1 روز به بهترین شکل ممکن به من تحویل داد.  اما در مورد این ادوتویلت میتونم بگم که رایحه بسیار دلنشین و خاصی داره که نزدیک به هیچ یک از عطر های دیگه ای که میشناسم نیست،ولی متاسفانه پخش بو و ماندگاریش کمه حدود 3 ساعت,1
row_75,خیلی کتاب خوبیه,1
row_76,اگه هم pin رو روش فعال کرده باشي روزي يکي دو بار ازت pin رو ميخواد.,0
row_77,بله این خودکار نیس روان نویسه و خیلی هم روان نیس بعضی وقتها پررنگ میشه و جوهر میده,0
row_78,در مجنوع دستگاه خوب و پرسرعتیه ,1
row_79,امروز دستم رسید بعضی از دوستان میگفتن با دکمه زوم عکس میندازه برا من اینطوری نشد کیفیت هم خوبه طلاییش هم خیلی قشنگ تره طلایی بخرین ,1
row_80,معتادش ميشين و ديگه به نقصاش دقت نميکنين و مجبورين يا گوشي نخرين يا پولتونو بدين براي IPHONE,0
row_81,سلام من چن روزیه این گوشی رو گرفتم! از لحاظ ظاهری و خوش دست بودن حرف نداره!! هر برنامه یا بازی سنگینی که خواستم رو روش نصب کردم و راحت اجرا شده! (Kombat - GTA - PES) دوربینشم خوبه! دوربین جلوش ۱۶ واقعی نیست ولی بازم خوب و راضی کنندس!! حسگر اثر انگشتش عالی و سریعه به نظرمن اگه میخواین توی این قیمت گوشی بخرین، شک نکنید که این بهترینه ,1
row_82,وای خیلی باحال بود .داستان از زبان یه روح بود که برادرش تو کودکی کشتش .روایت داستان عالی بود.کاش معلوم میشد گلنار چی شد؟,1
row_83,"من این کتاب رو نخوندم اما ازمن به شما نصیحت که برای پایداری دنبال کتاب و رفتار نباشید همه ما خوب بودن رو بلدیم همه ی ما خیانت نکردن رو بلدیم،دروغ نگفتن رو بلدیم،.کسی که مارو بخواد دنبال بهونه نیست و در هرصورت دستو پا میزنه برای نجات رابطه ....
کتاب های بهتری از عشق وجود دارن که خواندنشون لازم و اجباریه....",0
row_84,کیفیت پایین و به خاطر پنجشنبه بودن میپذیرم اما ولی در این حد؟!!!!,0
row_85,یک ساعت و چهل دقیقه زمان برد،،، یکم غذا سرد شده بود در نتیجه یکم کره روی جوجه به دلیل سرد شدن بدمزه‌اش کرده بود، خیلی عالی نبود، ولی در کل برنج خوب بود،،، گوجه فلفل سبزی عالی بود،، کوبیده معمولی،، جوجه هم خوب بود (گرمش کردیم),1
row_86,به نظر من کمپانيApple براي اينکه بتواند مثل هميشه برترين باشد بايد يه تغيير اساسي در شکل و ظاهر گوشي خود ببخشه چون اين شکل گوشي شايد زيبا باشه اما ديگه تکراري شده .,0
row_87,خیلی عالی بود …. اگر رستوران فلورانس شعبه گیشا-پارک گفتگو هم به زودفود اضافه کنید خیلی عالی میشه بازم ممنون,1
row_88,سرعت عکس برداری و فیلم برداری هم فوق‌العاده است.,1
row_89,عدم وجود قابليت full HD .,0
row_90,به نسبت قیمت کیفیت خوبی داشت و زمان تحویلشونم خیلی خوب بود,1
row_91,این شارژ رو دارم ولی بعضی از دوستان میگفتن صدای نویز وحشت ناکی داره ولی این که به دست من رسید اصلا صدا نداره و وقتی کنار گوشت بزاری به سختی صداشو میشنوی در مورد شارژ کردن اگه گوشیتون قابلیت فست شارژ نداشته باشه تقریبا مثل شارز معمولیه ولی بازم ارزش خرید رو داره چون یه شارژ حرفه ایی و عمریه کابلش محکم و با استحکام,1
row_92,سلام من این گوشیو نزدیک به یک ماهه که دارم و واقعا راضی هستم از خریدم البته از دیجی کالا نخریدم. این گوشی واقعا عملکرد خوبی داره و کیفیت دوربینش هم خیلی خوبه و به نظر با توجه به نظرات دوستان در مورد دوربین این گوشی. زد آب بودنش که فوق العادس و به خوبی های این گوشی اضافه شده. صفحه نمایشش در مقابل با ضربه قویه من تا حالا چندین بار این گوشیو انداختم زمین ولی الان حتی یک خش هم نداره. ظاهر پشت گوشی زیاد جذاب نیست و لنز دوربین پشتش خیلی کوچیک طراحی شده و این میتونه باعث بشه که بعضی از خریدارها از خرید این گوشی منصرف بشن. اما ظاهر جلوی گوشی خوب طراحی شده البته باید بگم که فقط رنگ مشکیش خوبه رنگ صلایی و سایر رنگ ها یکم جلوه ی گوشیو زشت میکنه البته انتخاب رنگ بندی سلیقه ایه و من قصد ندارم به سلیقه ی شما توهین کنم. باطری هم خیلی عالیه و پشتیبانی از فست شارژر باطری این گوشیو بهتر هم کرده. سایز صفحه نمایش هم برای کسانی که گوشی بزرگ دوست دارن فوق العادس خودمم به خاطر سایز صفحه نمایشش دوسش دارم. در کل این گوشی خیلی عالیه و تمام نیاز های روزانه ی شمارو برطرف میکنه. مرسی که خوندید. ,1
row_93,به این میگن کیف مخصوص نذری، ما با یه نایلون کوچولو ۳ برابر ظرفیت این نذری حمل می‌کنیم #نه_به_اشرافیت,0
row_94,"امیدوارم نتیجه این عمل بدخواهانه چین به خودکشی کمونیسم بینجامد...
#kingdomwithpahlavi
#EuPULLtheTrigger www.link.com",0
row_95,یک شاهکار هنری دیگه در طراحی جلد کتاب.,0
row_96,قلب خانه زن ها اگر شاد باشند قلب خانه می تپد زن ها اگر موهایشان را شکل دهند ، اگر صورتشان را آرایش کنند ، اگر لباسهای شاد بپوشند زندگی در خانه جریان پیدا می کند زن ها اگر کودک درونشان هنوز شیطنت کند ، اگر شوخی کنند ، بخندند ، همه اهل خانه را به زندگی نوید می دهند,1
row_97,جنس عالی کیفیت بالا مقاوم ,1
row_98,از این برند انتظار بهتری داشتم. اثرات آن دوام زیاد ندارد. صرفا خرید در شگفت انگیز ارزش دارد.,0
row_99,داستان بسیار جالب و مفهومی بود اما خلاصه ای که برنامه طاقچه گذاشته یه اشکال کوچولویی داشت که ان شاءالله رفع میشه,1
row_100,گوشی خوبیه. کیفیت صفجه نمایش خوبه و اونظوری که دیجیکالا گفته بد نیست. باطری هم با کارکرد عادی 2 روز جواب میده   ولی معایبی هم داره.   - اندرویدش قدیمه و امکانات و دسترسی های کمی داره.  - کیفیت دوربینش اصلا خوب نیست ولی میشه تحمل کرد. دوربینش جلوش ولی افتضاحه.  - حافظه داخلیش خیلی کمه.,0
row_101,"عرض نکردم حواستون به اونا که دنبال منصرف کردن خانواده ستار بهشتی از شکایت بودن باشه!
حالا سرکار خانم داره شک میندازه تو تفسیر حرف میرحسین :))
#Money_Talks",0
row_102,سلام به همه دوستان من خودم پارسال تابستان ps4 خریده بودم و چون این پایه رو نداشتم مجبور بودم کنسول رو فقط به حالت افقی قرار بدم و دیگه از افقی بودن کنسول خسته شده بودم اگه هم کنسول رو بدون پایه به صورت عمودی بذارین احتمال افتادن و داغون شدن دستگاه وجود داره پس این پایه رو خریداری کردم و الان بدون هیچ نگرانی از افتادن دستگاه میتونم اون رو عمودی قرار بدم تازه اینجوری جای کمتری رو هم اشغال میکنه  ,0
row_103,کتاب تا صفحات ٣٥٠ خوب بود، بقیه کتاب مزخرف بود,0
row_104,امروز حجم صداشو با گوشی آیفون هم امتحان کردم و وقتی صداشو تا اخر بردم صداش اونقدر زیاد شد که گوشم درد گرفت و نتونستم اصلا تحملش کنم گوشی خودم نوت 5 هستش و با اون تا اخرین حد صداش به 70 درصد ایفون میرسه حدودا پس میزان صدا به پخش کننده بستگی داره نه هدفون البته هدفون هم سقفی داره اما سقفش اونقدر است که نتونید برای یک لحظه هم تحمل کنید   کیفیت تفکیک صداشم واقعا شگفت زدتون میکنه با یک اهنگ با کیفیت فلک امتحان کردم صداهایی ازش مینوید که هرگز با هدفون معمولی شنیده نمیشه و من اول فکر کردم صدا داره از بیرون میاد صداشو تا اخرم که زیاد کنید هیچ نویزی نداره واقعا پیشنهاد میکنم ,1
row_105,بسیار عااااااالیییی جلد۲و۴ را هم بگذارید.,1
row_106,از مارک تفال انتظار بیشتری داشتیم کیفیت خیلی پایینی داشت به نحوی که تفلونش کامل از بین رفته و غذا میچسبه بهش اصلا راضی نیستیم ,0
row_107,من چون با مدل هایی که کاملا داخل کانال گوش میرن   Earphone  راحت نیستم بعد از تحقیق و بررسی این مدل رو که از نوع تخت  Earbud  هست  انتخاب کردم   از یه هدفون با این قیمت اصلا انتظار این کیفیت فوق العاده بالا  رو نداشتم  از هدفون های اورجینال AKG همراه با سامسونگ گلکسی S8 که برای خریدنش 2 5 میلیون هزینه شده و خیلی هدفون های دیگه واقعا  قوی تر و بهتره   با این قیمت عالیه و ارزش خرید داره   کیفیت و شفافیت صدا عالیه  بیس و ترمبل استاندارده  و  اغراق شده نیست   برای دیدن فیلم با ترک صدای با کیفیت و بیت ریت بالا مثل  DTS   DOLBY  عالیه و توی شدید ترین صدا ها مثل تیراندازی و انفجار نهایت کیفیت و شفافیت حفظ میشه و هیچ نویزی نیست  برای پخش فایل های صوتی با وضوح بالا مثل FLAC  هم عالیه و میتونید از نهایت شفافیت لذت ببرید  شفافیت و کیفیت تقریبا تا آخرین حد ولوم حفظ میشه و نویز ی وجود نداره  از پلیر Foobar2000  و فایل های FLAC  استفاده کنید تا اوج قدرت و کیفیت این هدفون رو تجربه کنید   خیلی راحت توی گوش قرار میگیره  و امکان افتادن ناخواسته خیلی کمه  سایزش مناسبه  وزن سبکش باعث میشه حتی بعد از ساعت ها فیلم دیدن یا موزیک کوش دادن هیچ گونه خستگی و ناراحتی ایجاد نشه  عملا هیچ وزنی رو حس نمیکنید  زیبایی ظاهری و کیفیت ساخت هم بالاست  کیفی که تو جعبه وجود داره هم زیبا و با کیفیته و میشه برای محافظت و حمل و نقل ازش استفاده کرد  تنها چیزی که میتونست بهتر باشه قطر و ضخامت سیم هست  سیم خیلی ظریفه ولی در عین حال با کیفیته  باید موقع استفاده ازش دقت کرد وگرنه امکان خرابی و آسیب دیدن سیم و در نهایت قطعی هست   ایرپد ابری هم فقط یک جفت تو جعبه موجوده و یدک نداره   با این قیمت و کیفیت میتونه  بهترین انتخاب خصوصا برای افرادی که دنبال هدفون های تخت  هستن باشه   برند سنهایزر خیلی خوبه  در خرید این هدفون شک نکنید   ,1
row_108,1 سالی میشه این رو خریدیم . خیلی خوبه . سیستم تصویر آینه ای هم خیلی خوب کار میکنه,1
row_109,راه گم بشه و دو فصل دیرتر، چله‌ی تابستون، برسه به مقصد: حالا یا باید اون همه بارون رو توی دل خودش نگه داره یا چله‌ی تابستون، زیر نور تند خورشید، بباره. این بارون به زمین نرسیده بخار می‌شه.» آخرین کام سیگار را آنقدر محکم گرفتم که بوی فیلتر توی دهانم پیچید. #علی_سلطانی,0
row_110,به وصل یا فراق تو فرشته ی عذاب من جهنم است روز و شب حال دل خراب من #همسرلوط #دلی ,0
row_111,این پورت سرعت انتقال داده‌ها‌ی به مراتب بالاتری را نسبت به پورت‌ها‌ی USB 2.0 فراهم می‌آورد.,1
row_112,پس بهتره ايرادات اين مدل رو هم مرور کنيم:1-هيچ توجه کردين اين لپ تاپ CD و DVD درايو نداره !,0
row_113,عه پس من بهشون پیام بدم ,1
row_114,من این کتابو نسخه چاپی دارم والان صفحه 400 رسیدم بعضی جاها چنان حرفایی زده شده تو کتاب برمیگردم چندبار میخونم همش فک میکنم نویسنده ی این کتاب از کجا و چطور این کلماتو پیدا کرده کنار هم چیده ولی ای کاش داستان سریع تر پیش میرفت کشش بی اندازه شحصیتهای و حرف هایی که زده میشع حوصله ادمو سر میبره الان که نظراتو خوندم دیدم که چقد ازش تعریف کردن همش به خودم شک میکنم که شاید من عجیبم که این کتاب منو زیاد جذب نکرده .این همه دوس دارن فک میکنم اگه واقعا خیلی پول نمیدادم نمی خوندمش یا از همین جا ولش میکردم,0
row_115,بدنه Sony S مانند گُوه،  یک حالت شیب داری دارد به همین دلیل وقتی آنرا روی میز قرار میدهید،  به راحتی قابل استفاده است.,1
row_116,گوشي بسيار خوبيه  رزولوشن پايين صفحه محسوس نيست تاچ خوبي داره و سخت افزارش مناسبه,1
row_117,کتاب خوبی بود، داستانهای قشنگی داشت.,0
row_118,کتابی که پنجاه درصد تخفیف داره، زیر زمینی و بدون پرداخت حق مولف و مترجم و ناشر چاپ میشه,0
row_119,خودکار خوبی نیست اگه قصد خرید خودکار دارید  lexi V10  بخرید  خرید من بسته دوتایی بود که یکی از خودکار ها کم رنگ، پررنگ مینویسه  دیجی کالا فدای سرت,0
row_120,خوشبختی یعنی پسری ده ساله که برای چهار برادرش به پشتوانه خواهرش شاخ و شانه میکشد. بعد از پدر و مادر، خواهر مقدسترین نعمت پرودگار است.,1
row_121,من بازی فارکرای 4 رو  روی pc  بازی میکردم همون  اول هاش حذف کردم چون خیلی  گیر میکرد  کیفیتش بالا بود  ولی روی این   با کیفیت فوق العاده بالا و بدون هیچ گونه   گیر کردن وَ مشکلی   خیلی راحت وَ  شکیل اجار شد   وَ   تونستم  فارکرای 4  تا آخرین مرحله اش رو برم این که میگم  شامل  کل بازی ها برای PS4 slim هستش  دم شرکت SONY گرم که این ها رو برای تفریح ما میسازن  وَ ممنون از DIGI Kala که   نظران ما رو هم  میذارن  سپاس گذار ,1
row_122,بی‌ نظیر بود باورم‌ نمیشد‌ اینقدر خوشمزه و سالم باشه,1
row_123,خیلی خوشمزس فقط کمه یکم.,1
row_124,هزینه تعویض دو دفعه کارتریج این دستگاه از قیمت خود دستگاه گرون تر میشه     ,0
row_125,"مهم نیست نتیجه چی بشه. مهم اینه که راحت تسلیم نشیم تا بعد شرمنده خودمون نباشیم.
#به_داد_اساتید_دانشگاه_آزاد_برسید
#در_دانشگاه_آزاد_چه_خبر_است
#همسان_سازی_حقوق_دانشگاه_آزاد_با_وزارتین https://t.co/wiomBiAO4i",0
row_126,من گوشی رو تازه خریدم، به هیچ وجه پیکسل های گوشی دیده نمیشود و یه سری امکاناتی که این گوشی داره رو اس3 نداره,0
row_127,آره واقعا. البته هنوز سرد بود کمی و خیلیییی شلوغ ولی به ما که خیلی خوش گذشت ,1
row_128,@username دستت طلا. این پفیوزهارو بذار اولویت. یه آشویتس نیاز داریم www.link.com,1
row_129,اما ویژگی خاص دیگر این دوربین،  دارا بودن رادیو Wi-Fi داخلی است.,1
row_130,سلام واقعا این گوشی خیلی عالی وخوش دستیه مخصوصا وقتی زنگ گلدش باشه دیگه حرف حداره ,1
row_131,دوستانی که میخوان گوشی Sony xz بگیرن عجله کنن  یعنی گوشی از این فوق العاده تر پیدا نمیکنین  من 4ماهه خریدم خواستم اول مطمئن شم که واقعا خوب هست بعد نظر بدم  میتونم قسم بخورم عالی ترین گوشی ای هست که تو عمرم گرفتم  باتری عالی  دوربین عاااالی  صفحه نمایش بینظیرا  یعنی به شخصه من که راضیم  اون موقع 2180 خریدم اگه الان بهم بگن 10میلیون میدیم گوشیتو بده به ما عمرا اگه قبول کنم  عاشقتم ایکس زد جونم,1
row_132,"شب خوش #نه_به_جمهوری_اسلامی #جاویدشاه #پیمان_نوین
برون نمی رود از دل خیال خام وصالت
اگر چه رفته وصالت ولی خوشم به خیالت
به پشت شهر تو مانده نزاع ماهی و دریا
درون شهر تو یک کس نمی رسد به کمالت
وصال شهر تو باشم کنار خلوت باران
دوباره دل بسپارم به سایه های خیالت https://t.co/GtoCld1KxX",0
row_133,با سلام   من امروز صبح این لپ تاپ رو سفارش دادم البته با کانفینگ متفاوت   Ram 16  2 روز دیگه میرسه بدستم   از نزدیک دیدمش   واقعا عالیه   من بعد سال تحقیق بالاخره اینو انتخاب کردم   کیفیت ساخت بدنش خیلی بالاست   بین این مدل و 56jr شک داشتم   اما پس از تحقیق و جست و جو متوجه شدم این خیلی بهتره   در کل خیلی عالیه ....  اگه پولش رو داری تو خریدش یک لحظه هم صبر نکن   در کل لپ تاپ همه چی تمومیه !   قیمت این خیلی خوبه ...  واسه کانفینگ خودم هزینه خیلی بالا تری نسبت به قیمت این مدل   پرداخت کردم ...  که واقعا ارزششو داشت ..  خلاصه لپ تاپ خوبیه در خریدش شک نکنید   ای کسی که نظر منو میخونی   بدون 2 سال تحقیق کردم   پس حرفام درسته   اگه مفید بود بزن + رو,1
row_134,رزولوشن اپتیکال این اسکنر،  1200X1200dpi و نسبتا کم می‌باشد.,0
row_135,مرغ سزار بوى بسیار بدى می‌داد. سیب زمینی هاى سوخارى مونده بود و پیتزا افتضاح بوى بد قارچ و گوشت توى دوق می‌زد. اسنپ فود عزیز لطفا پیگیری کنید,0
row_136,رقیق شده و پخش و ماندگاریش به شدت پایین اومده...  ولی رایحه بسیار خوبی داره...,0
row_137,چرا یه انسان باید قیمت گذاری بشه مگه خودش اختیار و عقل نداره؟,0
row_138,اتفاقا به نظر من ترجمه مشکلی نداشت خودِ السا از کلمه های تخیلی و عجیب و غریب استفاده میکرد که ترجمه ش این شکلی میشد.رمان خوبی بود دیدن دنیا از دید یه دختر باهوشِ هشت ساله خیلی برام جالب بود,1
row_139,این قابلمه رو چند روز پیش پیشنهاد ویژه خریدم متاسفانه درش که باز کردم درش از دستم لیز خورد و در همون اول کار با افتاد 5 سانتی متری کلی از تفلونش بلند شد من رفتم همین کارو با قابلمه اگرین که بی کیفیت ترین امتحان کردن  هیچیش نشد دو تا هم خریدم و پشیمونن ,0
row_140,"☝️شرکت در انتخابات یعنی کسب رضایت امام زمان عجل الله تعالی فرجه، چرا که صاحب اصلی این انقلاب و کشور اوست.

#حماسه_خرداد",1
row_141,@username دختر های بریتانیایی مغرور🤤 از نوع منچسترش 😍😂,1
row_142,خرید دومم بود. فوق العاده عالی و کاملا بهداشتی..,1
row_143,"٧٦ نارضايتي از هاشمي در اوج بود اما خاتمي ادامه دهنده هاشمي راي اورد

٩٢ نارضايتي از احمدي نژاد در اوج بود اما روحاني ادامه دهنده ا. نژاد دوم راي اورد

٩٦ نارضايتي از روحاني در اوج بود اما راي آورد

در انتخابات مردم مقهور خوش صحبتي ها مي شوند نه انديشه ها

#جامعه_شناسي_خودماني https://t.co/3NuElMBPnD",0
row_144,جنس بدنه این تبلت با وجود اینکه پلاستیکیست،  از پلاستیک براق بسیار با کیفیت ساخته شده است ولی متاسفانه اثر انگشت را به خوبی جذب کرده و نشان میدهد.,0
row_145,"حضور حماسی و حداکثری مایه امیدواری داخلی و سبب ناامیدی مخالفان خواهد شد
ما_منتظر_انتخاباتیم
#رای_میدهم",0
row_146,وقتی این گوشی را برای اولین بار در دست می‌گیرید،  انتظار وزنی بیشتر و ساختاری فلزی و مستحکم‌تر را دارید،  و ممکن است در وهله اول کمی شما را مایوس کند.,0
row_147, اگه نامجو هم متعرض بوده که دیگه فقط یه آقای مجری و آقای حکایتی برام باقی مونده.,0
row_148,عمل زوم از وایدترین حالت در حدود 5 ثانیه طول می‌کشد که نسبتاً زیاد است.,0
row_149,من به نوبه‌ی خودم این مردم‌آزاری صوتی، تصویری، عقیدتی و روحی که همه‌ساله در سطح کشور بعنوان عزاداری مطرح شده رو نمی‌بخشم. ,0
row_150,من هم اين لپ تاپ را براي خواهر خريدم خيلي ازش راضيه و خوشحالم که خريد خوبي براش داشتم.,1
row_151,از مزاياي آن هم مي توان به فتوکپي مستقيم با دکمه ي تعبيه شده در جلوي بدنه ان اشاره کرد که من انتظار آن را نداشتم ,1
row_152,درود بر همه من کلا از سامسونگ خوشم نمیاد الان بابام s۷ داره خودم اخرین سامسونگم s۳ بود چون عاشق گوشی هستم همه جدی میگم همه گوشیها البته پرچمداراش رو داشتم الان اپل۶ دارم خورده زمین اگر این گوشی بیاد با قیمت درست حتما میخرم هم ۲سیم کارت+ مموری هم ۳ گیگ رام، اثر انگشت خلاصه خداییش خیلی خوبه فقط بستگی به قیمتش داره یعنی خوب باشه تا اومد میخرم من میخواستم هواوی میت۹ رو بگیرم یه گوشی غول هست ۶ گیگ رام ۲۵۶ گیگ حافظه داخلی دوربین تووووپ و … اما اگر قیمت این گوشی خوب باشه حتمأ میگیرم اونم فقط از دیجی کالا اگر هرکدوم از دوستان اطلاع یا با این گوشی کار کردن اطلاعاتشون رو در اختیار ما هم بزارند ببخشید طولانی شد ارادتمند ,1
row_153,کيفيت و سرعت و کارايي قابل تحسيني داره ولي کاش يک مقدار قالب و قيافه بروز تري را براش در نظر مي گرفتن.,1
row_154, میرن سر بحث همیشگی #فتنه_88 مجددا از اول شروع میکنن,0
row_155,با این حال در حساسیت 800 اوضاع تا حدی خراب می شود.,0
row_156," یعنی میخوان توی بخش تبلیغات مجله بنویسن ""چرا چن ما رو نگرفت؟"" ؟؟

#JoongAngDontPublish
#SM_Protect_Your_Artist #첸_노래해줘서_고마워 @username…",0
row_157, واااييي خدااا تو خيلي خوبي??شفا نگيري الهي ك باعث خنده ملت ميشي?  حاج آقا  يا حاج خانم سايبري منگول ، خيلييييي ماهييي ،تافت بزن همينجوري بموني??,1
row_158,دوستمون گفته بود پوستش خشکه و شاید به همین علت پوشش دهی خوبی نداشته رو صورتش  من همین شماره رو گرفتم یه کم تم زرد داره ولی ابا اینه من پوستم معمولی و نسبتا چربا صلن روی پوست نمیخوابه کرمای ضد آفتاب معمولی رنگی ازین بهتر عمل میکنن  اگر به هوای کیفیت موسهاش میخرین اشتباه میکنین ,0
row_159,چرا کتاب های صوتی اینقدر گرونه):,0
row_160,دوربیناش زیاد چنگی به دل نمیزنه j۷ pro بهتره ب نظرم ,1
row_161,ممنونم زود رسید مثل همیشه پیک محترم,1
row_162," فرق داره بخدا 😭
خوشحالم كه پيدات كردم 🤝

We vote  for #PremiosMTVMIAW #MTVLAKPOPTWICE",1
row_163,. باتری خوب. بیس خوب. شفافیت متوسط صدا. در ولم بالا صدا زنندس و تیزه ,1
row_164,این محصول رو قبلا استفاده کردم . پوشش دهی ضعیفی داره و بعد از چند ساعت پوست رو خفه میکنه و میماسه,0
row_165,به امید خدا شادی بر میگرده به خانه هامون آمین,1
row_166,البته يه بدي هم داره.,0
row_167,بجزپستچی ک ظاهراواقعیت بوده بقیه آثارشون چنگی ب دل نمیزنه.,0
row_168,"شاگرد گوش به حرف کن و با اراده
 علی آقای گل با ۴۹ سال سن تونست در ۲ ماه با وجود افسردگی و بیماری سخت بدون مصرف دارو ( استروئید)🚫 فقط با تغذیه درست و مکمل های مورد نیاز
این تغییرات رو داشته باشه👏🏻👏🏻
اراده باشه هیچ چیز مانع راهت نمیشه🌟
( علم در بدنسازی حرف اول رو میزنه ) www.link.com",1
row_169,سلام من همیشه عاشق غذاهای باروژ بودم اما این سری پیتزا خیلی بوی بدی میداد اصلا انتظار نمیرفت که باروژ هم کیفیتش بیاد پایین,0
row_170,درکل گوشي خوبيه پيشنهاد ميکنم از دست ندينش.,1
row_171,این لنز خیلی واید نیست و توانایی زوم زیادی هم ندارد.,0
row_172,با گرامیداشت یاد و خاطره همه انهایی که برای این مرز و بوم جان پاک خود را فدا کردند. در هفته ای که به نام دفاع مقدس نامگذاری شده خالی از لطف نیست که بخشهایی از مصاحبه #حسن_دهباشی با دکتر #سید_حسن_نصر ذکر شود.,1
row_173,دروغ خدمت هویدا بی سابقه بو,0
row_174, تصویری از دیدار کاظمی با رهبر تروریست جمهوری اسلامی www.link.com,0
row_175,"برای ما خاک سرد نیست.
داغ ندا به اندازه‌ی روز اول تازه‌ست.
داغ پویا، ری‌را، نوید، پژمان، الناز، محسن.
ما هرگز فراموش نمیکنیم.
#نه_به_جمهوری_اسلامی https://t.co/oErRycYTuR",0
row_176,از روی وزنش حدس میزدم که خیلی کوچیکه اما نه دیگه دراین حد .من برای دخترم که ۹ساله هست خریدم ولی خجالت میکشیدم بهش بدم حتی براق هم نییت خیلی ماته .,0
row_177,ولي دوربينش نسبت به امکاناتش ضعيفه.,0
row_178,عالییییی بهترین باگت تو مجموعه‌های باگت هستین باگت فقط شعبه جردن,1
row_179,تا به امروز هر چي از ديجي کالا خريدم با‌کيفيت بوده و راضي بودم .,1
row_180,"اسم و فامیل انتخاب شده واسه شخصیت رو دوست داشتم "" هدایت"" و "" جبر پور"" !!!!  یه جورایی حرف داستان رو در دل خودش داشت. انتخاب اسم خوب برای داستان خیلی مهمه. البته با کلمه ""وحشت آور  ""مشکل دارم.
موضوع  داستان  خیلی خوب بود  اما فضای  مناسبی برای طرح این موضوع  خلق نشد.  سخنرانی ها طولانی  بود   و در  آخر  هم  داستان خوب جمع نشد.
",0
row_181,گوشی خاص و خوبی هستش. از جلو بودن بلندگو و پشت بودن اثر انگشت به شدت راضی هستم. به ندرت هنگ می کنه. محافظ صفحه و قابش به سختی گیر میاد. دوستانی که به ۸ آپدیت کردن نظر بدهند درباره مصرف باتری و برطرف شدن باگ ها ,1
row_182,محشررررررر بود مرسی از قلم عالیت☺,1
row_183,عالی بودش,1
row_184,من رولت ۷۵۰ گرمی سفارش دادم تو تحویل به نظرم کم بود وزنش چک کردم تازه با جعبه ۶۰۰ گرم بود,0
row_185, بله با کمال تاسف برخی از کاربه دستها باعث این بی اعتمادی شدن #رضایی,0
row_186,امیدوارم مسئولان امنیتی مملکت براساس چیزی شبیه به آنچه امروز درباره بهنود و صفحه روزنامهنگاران در تلویزیون نشان داده شد، کشور را اداره و راهنمایی نکنند و این برنامه تنها برای پروپاگاندا ساخته شده باشد.,0
row_187,لعنت به بالا تا پایینتون، دو دقیقه اومدیم بتمرگیم هی خبرای مزخرف و شامورتی بازیای شما رو باید ببینیم، ما چه گهی خوردیم تو این مملکت به دنیا اومدیم؟,0
row_188,من اين دوربين رو حدود 6 ماه قبل خريدم قبلش G10 رو داشتم ولي اصلا کانن قابل مقايسه با سوني نيست در اين مدل ها نقاط قوت :فيلم برداري بسيار با کيفيت 1080 * 1920 full hd حتي بيشتر از بسياري از دوربينهاي مخصوص فيلمبرداري قابليت جاي‌گيري مناسب در دست (واقعا کار کردن باهاش خيلي راحته )زوم اپتيکال بالاي 30x که در نوع خودش محشره حالت macro 1cm ان هم خيلي مناسبه قيمتشم الان به صرفه نيست ولي اون موقع که من خريدم خيلي مناسب بود(در کل مناسبه)عکس‌برداري بسيار با کيفيت و بي نظير در رده خودش نداشتن کفشک فلاش اکسترنال هيچ از ابهت اين دوربين کم نميکنه چون خودش فلاش با برد 12 متر داره نيازي به فلاش اکسترنال نداره.,1
row_189,لب تاب خوبی  موقع بازی pes  2016 باید باطری خارج کنید وگر نه لگ میزنه ,1
row_190,من به دنبال کتابی درباره قاتلین زنجیره‌ای بودم که خوندن مقدمه این کتاب جذبم کرد اما همینطور که پیش رفت کم‌کم در کمال تعجب متوجه شدم داستان در مورد یه قاتل زنجیره‌ای نوعی به اون صورت که تو ذهن ما جا افتاده نیست. بلکه موضوع اصلأ چیز دیگه ایه، من از پالنیک فقط باشگاه مشت زنی رو خونده بودم و می‌تونم بگم هر دو رمان درباره موضوعات مختلفیه با هدف واحد. جهان پالنیک جهان دیوانه واریه، پر از خشونت، پر از طنز مخصوص به خودش، اگر کسی پالنیک رو دوست داره حتماً رنت رو بخونه ولی اگر با ذهنیت دکستر سراغ این کتاب میاید بدونید خیلی متفاوته. انتظار یه رمان معمولی رو نداشته باشید. خودم دارم دوباره از اول شروعش می‌کنم، چون هم داستان ساده نیست و هم تعداد زیاد شخصیت‌ها کمی گیج کننده است، هر شخصیت لحن به خصوص به خودش و اصطلاحات مخصوص خودش رو داره، برای همین کم‌کم به لحن هر کس عادت میکنید و بی اینکه اسم روایت کننده رو بخونید میتونید بگید این نقل قول از زبان چه کسیه. فصل های آخر خیلی عجیب بود، طوری که خیلی گیج شدم و مدام حدس می زدم که چی به چیه که خودش خیلی سرگرم کننده بود. هنوز پر از سوالم. این نظر بعد از خوندن دوباره کتاب به روز رسانی میشه.,1
row_191,کلا لپ تاب عالی هست و من که به گیم خیلی علاقه دارم  تونسته همه بازی هارو برام اجرا کنه و مطمینم تا چند سال اینده هم منو ناامید نمیکنه  مشکلش اینه بعد یک و نیم ساعت باتری خالی میکنه که البته بنظرم بخاطر گرافیک و پردازنده قویش هست  ,1
row_192,گوشی خوبیه در حد متوسط برای کسی بخواد باطری طولانی داشته باشه و یک سیستم کاربردی داشته خوبه میشه روش حساب کرد من تازه اینو یک روزهست خریدم و مناسبه ,1
row_193,من این کتری رو یکماهه از دیجی خریدم عالیه البته تو آمازون موارد نشتی گزارش شده بود ولی من مشکلی ندارم و تمام روز ازش استفاده میکنم و بسیار سریع اب رو جوش میاره فقط اولش یکم صدای جوشوندنش زیاده میرسه به قل زدن کم میشه  در کلی عالیه ,1
row_194,به نظر من تنها عيبي که به اين گوشي ميشه گرفت صفحه نمايش کمي کوچيک اون هست که البته براي همه مشکل ساز نيست.,0
row_195,درود بر شما  ,1
row_196,سلام ۲روزه خريدمش و به نظرم گوشي خوبي مياد در ضمن خيلي هم دخترونه و خوش‌دسته و من دوسش دارم.,1
row_197,خیلی داغون بود!! مرغش بو میداد، کلا خوب نبود,0
row_198," ""سلاممن قبل این باتری، یه باتری گرون قیمت تر از بازار خریده بودم که زود شارژ خالی میکرد و مجبور شدم پسش بدم ولی این باتری عملکردش مثل باتری فابریک خود گوشیمه""",1
row_199,"چه زیبا باشد
آیت الله رئیسی
 خادم امام هشتم
 در هشتمین روز دهه کرامت ،
هشتمین رئیس جمهور ایران شود
و
 جشن میلاد با سعادت امام هشتم
 و
 پیروزی خادمش را باهم جشن بگیریم.
#رئیسی
#تهران_سربلند",1
